<HttpSimulator>
	<CommandList>
		<!-- GET -->
		<Command>
			<Url>http://127.0.0.1/</Url>
		</Command>
		
		<!-- GET & save body to file -->
		<Command>
			<Url>http://127.0.0.1/</Url>
			<RecvFileName>C:\Temp\HttpSimulator\html\index.html</RecvFileName>
		</Command>
		
		<!-- POST with POST body -->
		<Command>
			<Method>POST</Method>
			<Url>http://127.0.0.1/login.html</Url>
			<Body>userid=test&password=1234</Body>
		</Command>
		
		<!-- POST with executing the program that prints the POST body -->
		<Command>
			<Method>POST</Method>
			<Url>http://192.168.0.201:8080/WebFax/users/login/proc</Url>
			<BodyExecute>node C:\Temp\HttpSimulator\rsa\login.js</BodyExecute>
		</Command>
		
	</CommandList>
	<Log>
		<Folder>C:\Temp\HttpSimulator\log</Folder>
		<Level Debug="true" Network="false" HttpHeader="true" />
	</Log>
</HttpSimulator>